{"stats":{"minecraft:used":{"minecraft:mud":8,"minecraft:netherite_sword":20,"minecraft:flint_and_steel":2,"minecraft:grass_block":49,"minecraft:axolotl_spawn_egg":5,"minecraft:zombie_spawn_egg":12,"minecraft:vine":5,"minecraft:tnt":93,"minecraft:red_bed":1},"minecraft:custom":{"minecraft:time_since_rest":26728,"minecraft:walk_one_cm":15888,"minecraft:sprint_one_cm":8470,"minecraft:damage_taken":50,"minecraft:mob_kills":15,"minecraft:drop":14,"minecraft:damage_dealt":1435,"minecraft:fly_one_cm":157419,"minecraft:crouch_one_cm":346,"minecraft:play_time":32909,"minecraft:sneak_time":826,"minecraft:walk_under_water_one_cm":4354,"minecraft:jump":134,"minecraft:leave_game":8,"minecraft:walk_on_water_one_cm":1052,"minecraft:time_since_death":32909,"minecraft:sleep_in_bed":1,"minecraft:climb_one_cm":697,"minecraft:total_world_time":32909,"minecraft:fall_one_cm":965},"minecraft:dropped":{"minecraft:red_bed":1,"minecraft:zombie_spawn_egg":1,"minecraft:vine":1,"minecraft:short_grass":1,"minecraft:wheat_seeds":5,"minecraft:tnt":1,"minecraft:mutton":1,"minecraft:obsidian":1,"minecraft:grass_block":1,"minecraft:flint_and_steel":1},"minecraft:killed":{"minecraft:sheep":4,"minecraft:zombie":3,"minecraft:pig":2,"minecraft:chicken":1,"minecraft:axolotl":1,"minecraft:creeper":1,"minecraft:cow":3},"minecraft:picked_up":{"minecraft:feather":2,"minecraft:chicken":1,"minecraft:rotten_flesh":5,"minecraft:wheat_seeds":3,"minecraft:gray_wool":1,"minecraft:mutton":4,"minecraft:white_wool":2},"minecraft:mined":{"minecraft:short_grass":8,"minecraft:tall_grass":1}},"DataVersion":3955}