{"stats":{"minecraft:used":{"minecraft:flint_and_steel":2,"minecraft:tnt":93,"minecraft:red_bed":1},"minecraft:killed":{"minecraft:pig":2,"minecraft:sheep":1,"minecraft:cow":3},"minecraft:custom":{"minecraft:jump":37,"minecraft:time_since_rest":13127,"minecraft:damage_dealt":89,"minecraft:crouch_one_cm":191,"minecraft:leave_game":3,"minecraft:play_time":19308,"minecraft:sprint_one_cm":2229,"minecraft:time_since_death":19308,"minecraft:walk_one_cm":2592,"minecraft:sleep_in_bed":1,"minecraft:sneak_time":182,"minecraft:total_world_time":19308,"minecraft:mob_kills":6,"minecraft:fall_one_cm":209,"minecraft:fly_one_cm":54132},"minecraft:mined":{"minecraft:tall_grass":1,"minecraft:short_grass":2}},"DataVersion":3955}